Signatur;Titel;Spalte2
 Cod. 5584;Descriptio brevis collegiorum societatis Iesu;Cod.
 Cod. 7438;Chronologia collegii Societatis Iesu Lincii in Austria superiori ab a. 1600 usque ad a. 1684;Cod.
 Cod. 7567;'Diarium personarum ordinis Lecturae ... apud patres Societatis Iesu in universitate Viennensi' a. 1742-1773;Cod.
 Cod. 7615;Excerpta ex albis sodalitatis BMV in collegio academico Societatis Iesu Vindobonae a. 1672-1770;Cod.
 Cod. 7640;De fundandis societatis Iesu collegio in Carinthia haeresi infecta;Cod.
 Cod. 7981;Helden und Liebes Opffer der österreichischen Provinz Societatis Iesu d. i. deren die sich durch 200 Jahre zum Dienste deren pesthafften gewidmet ... beschrieben in d. J. 1751;Cod.
 Cod. 8047;Diarium sodalitatis BMV in domo professa Societatis Iesu ab a. 1716-1783;Cod.
 Cod. 8096;Inventarium utensilium ecclesiasticorum fraternitatis coelibum ad S. Mariae Purificationem quae in domo professorum Societatis Iesu Viennae asservata fuerunt a. 1752;Cod.
 Cod. 8248;Historia missionis Nastasoviensis Societatis Iesu ab ipsa loci origine a. 1753 cum documentis;Cod.
 Cod. 8342;Historia collegii Societatis Iesu Viennensis pars III a. 1728-1770;Cod.
 Cod. 8367;Historia collegii Societatis Iesu Viennensis pars I a. 1552-1638;Cod.
 Cod. 8368;Historia collegii Societatis Iesu Viennensis pars II a. 1648-1727;Cod.
 Cod. 8716;Collectio epistolarum germanicarum a patribus Societatis Iesu provinciae Bohemiae ad varios missarum a. 1695-1712;Cod.
 Cod. 10074;Elenchus ex fundatione et privilegio collegii Societatis Iesu et universitate Graecensi ab archiduce Carolo Styriensi datis 1573;Cod.
 Cod. 11537;Letzte Anrede eines christlichen Vaters Societatis Iesu aus dem Lateinischen a. 1773;Cod.
 Cod. 11633;Summarium constitutionum Societatis Iesu;Cod.
 Cod. 11715;Summarium Societatis Iesu explicatum a. 1714;Cod.
 Cod. 11895;Catalogus bibliothecae collegii Societatis Iesu Neostadiensis;Cod.
 Cod. 11947;Liber expositi collegii Societatis Iesu Hradistii a. 1750-1773;Cod.
 Cod. 11948;Rationes triennales et informationes collegii Societatis Iesu Brunensis in Moravia a. 1649-1699;Cod.
 Cod. 11949;Diarium collegii Societatis Iesu Brunensis in Moravia a. 1658-1679;Cod.
 Cod. 11950;Liber primus consultationum ut videtur collegii Societatis Iesu Hradistii a. 1680-1762;Cod.
 Cod. 11951;Volumen II epistolarum, quas patres generales Societatis Iesu communiter scribere solent a. 1755-1773 provinciae Bohemiae;Cod.
 Cod. 11952;Responsa generalium ad quaesita provinciae Bohemiae Societatis Iesu a. 1646-1758;Cod.
 Cod. 11953;Ordinationes maioris momenti a. 1579-1709 provinciae Bohemiae Societatis Iesu;Cod.
 Cod. 11954;Responsa generalium provinciae Bohemiae Societatis Iesu per procuratores, qui tertio quoque anno Romam mittuntur a. 1468-1669;Cod.
 Cod. 11955;Responsa post congregationem procuratorum sive alias diversis temporibus data et omnibus provinciis Societatis Iesu communicata a. 1682-1712. Annexa sunt responsa a. 1579;Cod.
 Cod. 11957;Liber votorum domus probationis Societatis Iesu Brunensis in Moravia;Cod.
 Cod. 11958;Historia domus probationis Societatis Iesu Brunae in Moravia pars posterior a. 1569-1747;Cod.
 Cod. 11960;Litterae annuae Societatis Iesu provinciae Austriae unitae a. 1621-1622, deinde provinciae Bohemiae ab Austriaca seiunctae a. 1623-1635;Cod.
 Cod. 11961;Litterae annuae provinciae Bohemiae Societatis Iesu a. 1636;Cod.
 Cod. 11961;Litterae annuae provinciae Bohemiae Societatis Iesu a. 1637;Cod.
 Cod. 11961;Litterae annuae provinciae Bohemiae Societatis Iesu a. 1638;Cod.
 Cod. 11961;Litterae annuae provinciae Bohemiae Societatis Iesu a. 1639;Cod.
 Cod. 11961;Litterae annuae provinciae Bohemiae Societatis Iesu a. 1640;Cod.
 Cod. 11961;Litterae annuae provinciae Bohemiae Societatis Iesu a. 1641;Cod.
 Cod. 11961;Litterae annuae provinciae Bohemiae Societatis Iesu a. 1642;Cod.
 Cod. 11961;Litterae annuae provinciae Bohemiae Societatis Iesu a. 1643;Cod.
 Cod. 11961;Litterae annuae provinciae Bohemiae Societatis Iesu a. 1644;Cod.
 Cod. 11961;Litterae annuae provinciae Bohemiae Societatis Iesu a. 1646;Cod.
 Cod. 11961;Litterae annuae provinciae Bohemiae Societatis Iesu a. 1647;Cod.
 Cod. 11961;Litterae annuae provinciae Bohemiae Societatis Iesu a. 1648;Cod.
 Cod. 11961;Litterae annuae provinciae Bohemiae Societatis Iesu a. 1649;Cod.
 Cod. 11961;Litterae annuae provinciae Bohemiae Societatis Iesu a. 1650;Cod.
 Cod. 11962;Litterae annuae provinciae Bohemiae Societatis Iesu a. 1651;Cod.
 Cod. 11962;Litterae annuae provinciae Bohemiae Societatis Iesu a. 1652;Cod.
 Cod. 11962;Litterae annuae provinciae Bohemiae Societatis Iesu a. 1655;Cod.
 Cod. 11962;Litterae annuae provinciae Bohemiae Societatis Iesu a. 1656;Cod.
 Cod. 11962;Litterae annuae provinciae Bohemiae Societatis Iesu a. 1657;Cod.
 Cod. 11962;Litterae annuae provinciae Bohemiae Societatis Iesu a. 1658;Cod.
 Cod. 11963;Litterae annuae provinciae Bohemiae Societatis Iesu a. 1670;Cod.
 Cod. 11963;Litterae annuae provinciae Bohemiae Societatis Iesu a. 1671;Cod.
 Cod. 11963;Litterae annuae provinciae Bohemiae Societatis Iesu a. 1672;Cod.
 Cod. 11963;Litterae annuae provinciae Bohemiae Societatis Iesu a. 1673;Cod.
 Cod. 11963;Litterae annuae provinciae Bohemiae Societatis Iesu a. 1674;Cod.
 Cod. 11964;Litterae annuae provinciae Bohemiae Societatis Iesu a. 1680;Cod.
 Cod. 11964;Litterae annuae provinciae Bohemiae Societatis Iesu a. 1681;Cod.
 Cod. 11964;Litterae annuae provinciae Bohemiae Societatis Iesu a. 1682;Cod.
 Cod. 11964;Litterae annuae provinciae Bohemiae Societatis Iesu a. 1683;Cod.
 Cod. 11964;Litterae annuae provinciae Bohemiae Societatis Iesu a. 1684;Cod.
 Cod. 11965;Litterae annuae provinciae Bohemiae Societatis Iesu a. 1685;Cod.
 Cod. 11965;Litterae annuae provinciae Bohemiae Societatis Iesu a. 1686;Cod.
 Cod. 11965;Litterae annuae provinciae Bohemiae Societatis Iesu a. 1687;Cod.
 Cod. 11965;Litterae annuae provinciae Bohemiae Societatis Iesu a. 1688;Cod.
 Cod. 11965;Litterae annuae provinciae Bohemiae Societatis Iesu a. 1689;Cod.
 Cod. 11966;Litterae annuae provinciae Bohemiae Societatis Iesu a. 1690;Cod.
 Cod. 11966;Litterae annuae provinciae Bohemiae Societatis Iesu a. 1691;Cod.
 Cod. 11966;Litterae annuae provinciae Bohemiae Societatis Iesu a. 1692;Cod.
 Cod. 11966;Litterae annuae provinciae Bohemiae Societatis Iesu a. 1693;Cod.
 Cod. 11967;Litterae annuae provinciae Bohemiae Societatis Iesu a. 1694;Cod.
 Cod. 11967;Litterae annuae provinciae Bohemiae Societatis Iesu a. 1695;Cod.
 Cod. 11967;Litterae annuae provinciae Bohemiae Societatis Iesu a. 1696;Cod.
 Cod. 11967;Litterae annuae provinciae Bohemiae Societatis Iesu a. 1697;Cod.
 Cod. 11968;Litterae annuae provinciae Bohemiae Societatis Iesu a. 1698;Cod.
 Cod. 11968;Litterae annuae provinciae Bohemiae Societatis Iesu a. 1699;Cod.
 Cod. 11968;Litterae annuae provinciae Bohemiae Societatis Iesu a. 1700;Cod.
 Cod. 11968;Litterae annuae provinciae Bohemiae Societatis Iesu a. 1701;Cod.
 Cod. 11969;Litterae annuae provinciae Bohemiae Societatis Iesu a. 1706;Cod.
 Cod. 11969;Litterae annuae provinciae Bohemiae Societatis Iesu a. 1707;Cod.
 Cod. 11969;Litterae annuae provinciae Bohemiae Societatis Iesu a. 1708;Cod.
 Cod. 11969;Litterae annuae provinciae Bohemiae Societatis Iesu a. 1709;Cod.
 Cod. 11969;Litterae annuae provinciae Bohemiae Societatis Iesu a. 1710;Cod.
 Cod. 11970;Litterae annuae provinciae Bohemiae Societatis Iesu a. 1711;Cod.
 Cod. 11970;Litterae annuae provinciae Bohemiae Societatis Iesu a. 1712;Cod.
 Cod. 11970;Litterae annuae provinciae Bohemiae Societatis Iesu a. 1713;Cod.
 Cod. 11970;Litterae annuae provinciae Bohemiae Societatis Iesu a. 1714;Cod.
 Cod. 11971;Litterae annuae provinciae Bohemiae Societatis Iesu a. 1715;Cod.
 Cod. 11971;Litterae annuae provinciae Bohemiae Societatis Iesu a. 1716;Cod.
 Cod. 11971;Litterae annuae provinciae Bohemiae Societatis Iesu a. 1717;Cod.
 Cod. 11971;Litterae annuae provinciae Bohemiae Societatis Iesu a. 1718;Cod.
 Cod. 11972;Litterae annuae provinciae Bohemiae Societatis Iesu a. 1719;Cod.
 Cod. 11972;Litterae annuae provinciae Bohemiae Societatis Iesu a. 1720;Cod.
 Cod. 11972;Litterae annuae provinciae Bohemiae Societatis Iesu a. 1721;Cod.
 Cod. 11972;Litterae annuae provinciae Bohemiae Societatis Iesu a. 1722;Cod.
 Cod. 11973;Litterae annuae provinciae Bohemiae Societatis Iesu a. 1723;Cod.
 Cod. 11973;Litterae annuae provinciae Bohemiae Societatis Iesu a. 1724;Cod.
 Cod. 11973;Litterae annuae provinciae Bohemiae Societatis Iesu a. 1725;Cod.
 Cod. 11973;Litterae annuae provinciae Bohemiae Societatis Iesu a. 1726;Cod.
 Cod. 11974;Litterae annuae provinciae Bohemiae Societatis Iesu a. 1727;Cod.
 Cod. 11974;Litterae annuae provinciae Bohemiae Societatis Iesu a. 1728;Cod.
 Cod. 11974;Litterae annuae provinciae Bohemiae Societatis Iesu a. 1729;Cod.
 Cod. 11974;Litterae annuae provinciae Bohemiae Societatis Iesu a. 1730;Cod.
 Cod. 11975;Litterae annuae provinciae Bohemiae Societatis Iesu a. 1731;Cod.
 Cod. 11975;Litterae annuae provinciae Bohemiae Societatis Iesu a. 1732;Cod.
 Cod. 11975;Litterae annuae provinciae Bohemiae Societatis Iesu a. 1733;Cod.
 Cod. 11975;Litterae annuae provinciae Bohemiae Societatis Iesu a. 1734;Cod.
 Cod. 11976;Litterae annuae provinciae Bohemiae Societatis Iesu a. 1735;Cod.
 Cod. 11976;Litterae annuae provinciae Bohemiae Societatis Iesu a. 1736;Cod.
 Cod. 11976;Litterae annuae provinciae Bohemiae Societatis Iesu a. 1737;Cod.
 Cod. 11976;Litterae annuae provinciae Bohemiae Societatis Iesu a. 1738;Cod.
 Cod. 11977;Acta congregationum provincialium Societatis Iesu excerpta;Cod.
 Cod. 11977;Acta congregationum provincialium triennalium provinciae Poloniae Societatis Iesu a. 1576-1649;Cod.
 Cod. 11978;Catalogus religiosorum Societatis Iesu in provincia Austriae a. 1633;Cod.
 Cod. 11979;Catalogus eorum, qui theologiae studiis operam dederunt in collegio academico Societatis Iesu Viennae a. 1744-1773;Cod.
 Cod. 11981;Syntagma iuris universi Societatis Iesu;Cod.
 Cod. 11983;Liber tertius ordinatium continens resolutiones casuum difficiliorum, quae ex Urbe mittuntur in provinciam Poloniam Societatis Iesu a. 1575-1729;Cod.
 Cod. 11988;Historia collegii Leopoliensis Societatis Iesu a. 1584-1773;Cod.
 Cod. 11989;Historia missionis Roznialowiensis Societatis Iesu a. 1699-1769;Cod.
 Cod. 11990;Rationes mensurnae collegii Societatis Iesu Hradistii a. 1750-1773;Cod.
 Cod. 11992;Liber accepti collegii Societatis Iesu Hradistii a. 1750-1773;Cod.
 Cod. 11995;Liber II consultationum collegii Societatis Iesu Hradistiensis a. 1766-1773;Cod.
 Cod. 11996;Rationes generales pecuniariae collegii Societatis Iesu Hradistii a. 1750-1773;Cod.
 Cod. 11997;Litterae annuae collegii Pragensis Societatis Iesu ad S. Clementem;Cod.
 Cod. 11998;Informationes et rationes triennales rectorum collegii Societatis Iesu ad S. Ignatium Neo-Pragae a. 1653-1750;Cod.
 Cod. 11999;Historiae provinciae Bohemiae Societatis Iesu liber VI de missionibus Patrum a. 1556-1723 obitis;Cod.
 Cod. 12000;Historiae provinciae Bohemiae Societatis Iesu liber XII: Compendium totius historiae chronologicum a. 1555-1721;Cod.
 Cod. 12001;Historiae provinciae Bohemiae Societatis Iesu liber IX: Memoriae fundatorum et benefactorum etc.;Cod.
 Cod. 12002;Historiae provinciae Bohemiae Societatis Iesu liber VIII: Persecutiones et adversitates, quas in terris Bohemiae passa est Societati Iesu;Cod.
 Cod. 12004;Supplementum historiae collegii Societatis Iesu Pragae ad S. Clementem a. 1701-1729;Cod.
 Cod. 12005;Litterae annuae provinciae Poloniae Societatis Iesu a. 1606-1608;Cod.
 Cod. 12006;Litterae annuae provinciae Poloniae Societatis Iesu a. 1586, 1595, 1598, 1599, 1604 et 1605;Cod.
 Cod. 12009;Tabulae sex impressae defunctorum a. 1762-1770 sodalium Societatis Iesu;Cod.
 Cod. 12011;Synopsis historiae collegii Pragensis Societatis Iesu ad S. Clementem a. 1555-1700 cum supplemento a. 1701-1729;Cod.
 Cod. 12012;Litterae annuae provinciae Poloniae Societatis Iesu a. 1630, 1636, 1639, 1653 et 1658;Cod.
 Cod. 12013;Litterae annuae provinciae Poloniae Societatis Iesu a. 1609-1613 et 1616;Cod.
 Cod. 12015;Domus professae Societatis Iesu Pragensis instrumenta a. 1628-1654 collecta a. 1676;Cod.
 Cod. 12016;Conspectus rationum acceptorum et expositorum in omnibus domis, collegiis, missionibus, residentiis etc. Societatis iesu a. 1714 in mundo universo;Cod.
 Cod. 12017;Rationes musicorum a. 1702-1727 in collegio Zatecensi Societatis Iesu;Cod.
 Cod. 12019;Diarium residententiae Societatis Iesu Wartenbergensis a. 1698-1721;Cod.
 Cod. 12021;Rapularium expositorum collegii cuiusdam Societatis Iesu Polonici ut videtur Leopoliensis a. 1759-1764;Cod.
 Cod. 12022;Liber statuum actualium domiciliorum provinciae minoris Poloniae Societatis Iesu a. 1764;Cod.
 Cod. 12023;Catalogus librorum in bibliotheca collegii Premysliensis Societatis Iesu contentorum a. 1742;Cod.
 Cod. 12024;Album omnium theologorum, qui studiis theologicis a. 1714-1743 in collegiis Societatis Iesu operam dederunt, adiectis notis biographicis;Cod.
 Cod. 12025;Liber epistolarum Societatis Iesu et scholas eiusdem Societatis Iesu concernentium a generalibus et provincialibus transmissarum rectoribus collegii Leopoliensis in provincia Poloniae;Cod.
 Cod. 12026;Historia collegii Olomucensis Societatis Iesu: Pars prior a. 1566-1727;Cod.
 Cod. 12027;Liber ordinationum collegii Leopoliensis Societatis Iesu a. 1592-1691;Cod.
 Cod. 12028;Historia collegii Olomucensis Societatis Iesu: Pars posterior a. 1728-1766;Cod.
 Cod. 12029;Epistolae generalium Societatis Iesu quas communes ad Societatem scribere solent a. 1646-1754;Cod.
 Cod. 12030;Forma et ratio gubernandi academias et studia generalia Societatis Iesu in provincia Austriae;Cod.
 Cod. 12030;Litterae circulares de modo studendi (in scholis Societatis Iesu) a. 1768;Cod.
 Cod. 12031;Litterae annuae provinciae Austriae Societatis Iesu a. 1633;Cod.
 Cod. 12032;Litterae annuae provinciae Austriae Societatis Iesu a. 1635;Cod.
 Cod. 12033;Litterae annuae provinciae Austriae Societatis Iesu a. 1636;Cod.
 Cod. 12034;Litterae annuae provinciae Austriae Societatis Iesu a. 1637;Cod.
 Cod. 12035;Litterae annuae provinciae Austriae Societatis Iesu a. 1638;Cod.
 Cod. 12036;Litterae annuae provinciae Austriae Societatis Iesu a. 1639;Cod.
 Cod. 12037;Litterae annuae provinciae Austriae Societatis Iesu a. 1640;Cod.
 Cod. 12038;Litterae annuae provinciae Austriae Societatis Iesu a. 1641;Cod.
 Cod. 12039;Litterae annuae provinciae Austriae Societatis Iesu a. 1642;Cod.
 Cod. 12040;Litterae annuae provinciae Austriae Societatis Iesu a. 1643;Cod.
 Cod. 12041;Litterae annuae provinciae Austriae Societatis Iesu a. 1644;Cod.
 Cod. 12042;Litterae annuae provinciae Austriae Societatis Iesu a. 1645;Cod.
 Cod. 12043;Litterae annuae provinciae Austriae Societatis Iesu a. 1646;Cod.
 Cod. 12044;Litterae annuae provinciae Austriae Societatis Iesu a. 1647;Cod.
 Cod. 12045;Litterae annuae provinciae Austriae Societatis Iesu a. 1648;Cod.
 Cod. 12046;Litterae annuae provinciae Austriae Societatis Iesu a. 1649;Cod.
 Cod. 12047;Litterae annuae provinciae Austriae Societatis Iesu a. 1650;Cod.
 Cod. 12048;Litterae annuae provinciae Austriae Societatis Iesu a. 1651;Cod.
 Cod. 12049;Litterae annuae provinciae Austriae Societatis Iesu a. 1652;Cod.
 Cod. 12050;Litterae annuae provinciae Austriae Societatis Iesu a. 1653;Cod.
 Cod. 12051;Litterae annuae provinciae Austriae Societatis Iesu a. 1654;Cod.
 Cod. 12052;Litterae annuae provinciae Austriae Societatis Iesu a. 1655;Cod.
 Cod. 12053;Litterae annuae provinciae Austriae Societatis Iesu a. 1656;Cod.
 Cod. 12054;Litterae annuae provinciae Austriae Societatis Iesu a. 1657;Cod.
 Cod. 12055;Litterae annuae provinciae Austriae Societatis Iesu a. 1658;Cod.
 Cod. 12056;Litterae annuae provinciae Austriae Societatis Iesu a. 1659;Cod.
 Cod. 12057;Litterae annuae provinciae Austriae Societatis Iesu a. 1660;Cod.
 Cod. 12058;Litterae annuae provinciae Austriae Societatis Iesu a. 1661;Cod.
 Cod. 12059;Litterae annuae provinciae Austriae Societatis Iesu a. 1662;Cod.
 Cod. 12060;Litterae annuae provinciae Austriae Societatis Iesu a. 1663;Cod.
 Cod. 12061;Litterae annuae provinciae Austriae Societatis Iesu a. 1664;Cod.
 Cod. 12062;Litterae annuae provinciae Austriae Societatis Iesu a. 1665;Cod.
 Cod. 12063;Litterae annuae provinciae Austriae Societatis Iesu a. 1666;Cod.
 Cod. 12064;Litterae annuae provinciae Austriae Societatis Iesu a. 1667;Cod.
 Cod. 12065;Litterae annuae provinciae Austriae Societatis Iesu a. 1668;Cod.
 Cod. 12066;Litterae annuae provinciae Austriae Societatis Iesu a. 1669;Cod.
 Cod. 12067;Litterae annuae provinciae Austriae Societatis Iesu a. 1670;Cod.
 Cod. 12068;Litterae annuae provinciae Austriae Societatis Iesu a. 1671;Cod.
 Cod. 12069;Litterae annuae provinciae Austriae Societatis Iesu a. 1672;Cod.
 Cod. 12070;Litterae annuae provinciae Austriae Societatis Iesu a. 1673;Cod.
 Cod. 12071;Litterae annuae provinciae Austriae Societatis Iesu a. 1674;Cod.
 Cod. 12072;Litterae annuae provinciae Austriae Societatis Iesu a. 1675;Cod.
 Cod. 12073;Litterae annuae provinciae Austriae Societatis Iesu a. 1676;Cod.
 Cod. 12074;Litterae annuae provinciae Austriae Societatis Iesu a. 1677;Cod.
 Cod. 12075;Litterae annuae provinciae Austriae Societatis Iesu a. 1678;Cod.
 Cod. 12076;Litterae annuae provinciae Austriae Societatis Iesu a. 1679;Cod.
 Cod. 12077;Litterae annuae provinciae Austriae Societatis Iesu a. 1680;Cod.
 Cod. 12078;Litterae annuae provinciae Austriae Societatis Iesu a. 1681;Cod.
 Cod. 12079;Litterae annuae provinciae Austriae Societatis Iesu a. 1682;Cod.
 Cod. 12080;Litterae annuae provinciae Austriae Societatis Iesu a. 1683;Cod.
 Cod. 12081;Litterae annuae provinciae Austriae Societatis Iesu a. 1684;Cod.
 Cod. 12082;Litterae annuae provinciae Austriae Societatis Iesu a. 1685;Cod.
 Cod. 12083;Litterae annuae provinciae Austriae Societatis Iesu a. 1686;Cod.
 Cod. 12084;Litterae annuae provinciae Austriae Societatis Iesu a. 1687;Cod.
 Cod. 12085;Litterae annuae provinciae Austriae Societatis Iesu a. 1688;Cod.
 Cod. 12086;Litterae annuae provinciae Austriae Societatis Iesu a. 1689;Cod.
 Cod. 12087;Litterae annuae provinciae Austriae Societatis Iesu a. 1690;Cod.
 Cod. 12087;Litterae annuae provinciae Austriae Societatis Iesu a. 1691;Cod.
 Cod. 12088;Litterae annuae provinciae Austriae Societatis Iesu a. 1692;Cod.
 Cod. 12089;Litterae annuae provinciae Austriae Societatis Iesu a. 1693;Cod.
 Cod. 12090;Litterae annuae provinciae Austriae Societatis Iesu a. 1694;Cod.
 Cod. 12091;Litterae annuae provinciae Austriae Societatis Iesu a. 1695;Cod.
 Cod. 12092;Litterae annuae provinciae Austriae Societatis Iesu a. 1696;Cod.
 Cod. 12093;Litterae annuae provinciae Austriae Societatis Iesu a. 1697;Cod.
 Cod. 12094;Litterae annuae provinciae Austriae Societatis Iesu a. 1698;Cod.
 Cod. 12095;Litterae annuae provinciae Austriae Societatis Iesu a. 1700;Cod.
 Cod. 12096;Litterae annuae provinciae Austriae Societatis Iesu a. 1701;Cod.
 Cod. 12097;Litterae annuae provinciae Austriae Societatis Iesu a. 1702;Cod.
 Cod. 12098;Litterae annuae provinciae Austriae Societatis Iesu a. 1703;Cod.
 Cod. 12099;Litterae annuae provinciae Austriae Societatis Iesu a. 1704;Cod.
 Cod. 12100;Litterae annuae provinciae Austriae Societatis Iesu a. 1705;Cod.
 Cod. 12101;Litterae annuae provinciae Austriae Societatis Iesu a. 1706;Cod.
 Cod. 12102;Litterae annuae provinciae Austriae Societatis Iesu a. 1707;Cod.
 Cod. 12103;Litterae annuae provinciae Austriae Societatis Iesu a. 1708;Cod.
 Cod. 12104;Litterae annuae provinciae Austriae Societatis Iesu a. 1709;Cod.
 Cod. 12105;Litterae annuae provinciae Austriae Societatis Iesu a. 1710;Cod.
 Cod. 12106;Litterae annuae provinciae Austriae Societatis Iesu a. 1712;Cod.
 Cod. 12107;Litterae annuae provinciae Austriae Societatis Iesu a. 1713;Cod.
 Cod. 12108;Litterae annuae provinciae Austriae Societatis Iesu a. 1714;Cod.
 Cod. 12109;Litterae annuae provinciae Austriae Societatis Iesu a. 1715;Cod.
 Cod. 12110;Litterae annuae provinciae Austriae Societatis Iesu a. 1716;Cod.
 Cod. 12111;Litterae annuae provinciae Austriae Societatis Iesu a. 1717;Cod.
 Cod. 12112;Litterae annuae provinciae Austriae Societatis Iesu a. 1718;Cod.
 Cod. 12113;Litterae annuae provinciae Austriae Societatis Iesu a. 1719;Cod.
 Cod. 12114;Litterae annuae provinciae Austriae Societatis Iesu a. 1720;Cod.
 Cod. 12115;Litterae annuae provinciae Austriae Societatis Iesu a. 1721;Cod.
 Cod. 12116;Litterae annuae provinciae Austriae Societatis Iesu a. 1722;Cod.
 Cod. 12117;Litterae annuae provinciae Austriae Societatis Iesu a. 1723;Cod.
 Cod. 12118;Litterae annuae provinciae Austriae Societatis Iesu a. 1724;Cod.
 Cod. 12119;Litterae annuae provinciae Austriae Societatis Iesu a. 1725;Cod.
 Cod. 12120;Litterae annuae provinciae Austriae Societatis Iesu a. 1726;Cod.
 Cod. 12121;Litterae annuae provinciae Austriae Societatis Iesu a. 1727;Cod.
 Cod. 12122;Litterae annuae provinciae Austriae Societatis Iesu a. 1728;Cod.
 Cod. 12123;Litterae annuae provinciae Austriae Societatis Iesu a. 1729;Cod.
 Cod. 12124;Litterae annuae provinciae Austriae Societatis Iesu a. 1730;Cod.
 Cod. 12125;Litterae annuae provinciae Austriae Societatis Iesu a. 1731;Cod.
 Cod. 12126;Litterae annuae provinciae Austriae Societatis Iesu a. 1732;Cod.
 Cod. 12127;Litterae annuae provinciae Austriae Societatis Iesu a. 1733;Cod.
 Cod. 12128;Litterae annuae provinciae Austriae Societatis Iesu a. 1734;Cod.
 Cod. 12129;Litterae annuae provinciae Austriae Societatis Iesu a. 1735;Cod.
 Cod. 12130;Litterae annuae provinciae Austriae Societatis Iesu a. 1736;Cod.
 Cod. 12131;Litterae annuae provinciae Austriae Societatis Iesu a. 1737;Cod.
 Cod. 12132;Litterae annuae provinciae Austriae Societatis Iesu a. 1738;Cod.
 Cod. 12133;Litterae annuae provinciae Austriae Societatis Iesu a. 1739;Cod.
 Cod. 12134;Litterae annuae provinciae Austriae Societatis Iesu a. 1740;Cod.
 Cod. 12135;Litterae annuae provinciae Austriae Societatis Iesu a. 1741;Cod.
 Cod. 12136;Litterae annuae provinciae Austriae Societatis Iesu a. 1742;Cod.
 Cod. 12137;Litterae annuae provinciae Austriae Societatis Iesu a. 1743;Cod.
 Cod. 12138;Litterae annuae provinciae Austriae Societatis Iesu a. 1744;Cod.
 Cod. 12139;Litterae annuae provinciae Austriae Societatis Iesu a. 1745;Cod.
 Cod. 12140;Litterae annuae provinciae Austriae Societatis Iesu a. 1746;Cod.
 Cod. 12141;Litterae annuae provinciae Austriae Societatis Iesu a. 1747;Cod.
 Cod. 12142;Litterae annuae provinciae Austriae Societatis Iesu a. 1748;Cod.
 Cod. 12143;Litterae annuae provinciae Austriae Societatis Iesu a. 1749;Cod.
 Cod. 12144;Litterae annuae provinciae Austriae Societatis Iesu a. 1750;Cod.
 Cod. 12145;Litterae annuae provinciae Austriae Societatis Iesu a. 1751;Cod.
 Cod. 12146;Litterae annuae provinciae Austriae Societatis Iesu a. 1752;Cod.
 Cod. 12147;Litterae annuae provinciae Austriae Societatis Iesu a. 1753;Cod.
 Cod. 12148;Litterae annuae provinciae Austriae Societatis Iesu a. 1754;Cod.
 Cod. 12149;Litterae annuae provinciae Austriae Societatis Iesu a. 1755;Cod.
 Cod. 12150;Litterae annuae provinciae Austriae Societatis Iesu a. 1756;Cod.
 Cod. 12151;Litterae annuae provinciae Austriae Societatis Iesu a. 1757;Cod.
 Cod. 12152;Litterae annuae provinciae Austriae Societatis Iesu a. 1758;Cod.
 Cod. 12153;Litterae annuae provinciae Austriae Societatis Iesu a. 1759;Cod.
 Cod. 12154;Litterae annuae provinciae Austriae Societatis Iesu a. 1760;Cod.
 Cod. 12155;Litterae annuae provinciae Austriae Societatis Iesu a. 1761;Cod.
 Cod. 12156;Litterae annuae provinciae Austriae Societatis Iesu a. 1762;Cod.
 Cod. 12157;Litterae annuae provinciae Austriae Societatis Iesu a. 1763;Cod.
 Cod. 12158;Litterae annuae provinciae Austriae Societatis Iesu a. 1764;Cod.
 Cod. 12159;Litterae annuae provinciae Austriae Societatis Iesu a. 1765;Cod.
 Cod. 12160;Litterae annuae provinciae Austriae Societatis Iesu a. 1766;Cod.
 Cod. 12161;Litterae annuae provinciae Austriae Societatis Iesu a. 1767;Cod.
 Cod. 12162;Litterae annuae provinciae Austriae Societatis Iesu a. 1768;Cod.
 Cod. 12163;Litterae annuae provinciae Austriae Societatis Iesu a. 1770;Cod.
 Cod. 12164;Litterae annuae provinciae Austriae Societatis Iesu a. 1771;Cod.
 Cod. 12165;Litterae annuae provinciae Austriae Societatis Iesu a. 1701;Cod.
 Cod. 12166;Litterae annuae provinciae Austriae Societatis Iesu a. 1702;Cod.
 Cod. 12167;Litterae annuae provinciae Austriae Societatis Iesu a. 1704;Cod.
 Cod. 12168;Litterae annuae provinciae Austriae Societatis Iesu a. 1706;Cod.
 Cod. 12169;Litterae annuae provinciae Austriae Societatis Iesu a. 1712;Cod.
 Cod. 12170;Litterae annuae provinciae Austriae Societatis Iesu a. 1713;Cod.
 Cod. 12171;Litterae annuae provinciae Austriae Societatis Iesu a. 1716;Cod.
 Cod. 12172;Litterae annuae provinciae Austriae Societatis Iesu a. 1719;Cod.
 Cod. 12173;Litterae annuae provinciae Austriae Societatis Iesu a. 1720;Cod.
 Cod. 12174;Litterae annuae provinciae Austriae Societatis Iesu a. 1721;Cod.
 Cod. 12175;Litterae annuae provinciae Austriae Societatis Iesu a. 1722;Cod.
 Cod. 12176;Litterae annuae provinciae Austriae Societatis Iesu a. 1723;Cod.
 Cod. 12177;Litterae annuae provinciae Austriae Societatis Iesu a. 1724;Cod.
 Cod. 12178;Litterae annuae provinciae Austriae Societatis Iesu a. 1728;Cod.
 Cod. 12179;Litterae annuae provinciae Austriae Societatis Iesu a. 1729;Cod.
 Cod. 12180;Litterae annuae provinciae Austriae Societatis Iesu a. 1730;Cod.
 Cod. 12181;Litterae annuae provinciae Austriae Societatis Iesu a. 1731;Cod.
 Cod. 12182;Litterae annuae provinciae Austriae Societatis Iesu a. 1732;Cod.
 Cod. 12183;Litterae annuae provinciae Austriae Societatis Iesu a. 1733;Cod.
 Cod. 12184;Litterae annuae provinciae Austriae Societatis Iesu a. 1734;Cod.
 Cod. 12185;Litterae annuae provinciae Austriae Societatis Iesu a. 1736;Cod.
 Cod. 12186;Litterae annuae provinciae Austriae Societatis Iesu a. 1737;Cod.
 Cod. 12187;Litterae annuae provinciae Austriae Societatis Iesu a. 1738;Cod.
 Cod. 12188;Litterae annuae provinciae Austriae Societatis Iesu a. 1739;Cod.
 Cod. 12189;Litterae annuae provinciae Austriae Societatis Iesu a. 1740;Cod.
 Cod. 12190;Litterae annuae provinciae Austriae Societatis Iesu a. 1741;Cod.
 Cod. 12191;Litterae annuae provinciae Austriae Societatis Iesu a. 1742;Cod.
 Cod. 12192;Litterae annuae provinciae Austriae Societatis Iesu a. 1744;Cod.
 Cod. 12193;Litterae annuae provinciae Austriae Societatis Iesu a. 1746;Cod.
 Cod. 12194;Litterae annuae provinciae Austriae Societatis Iesu a. 1747;Cod.
 Cod. 12195;Litterae annuae provinciae Austriae Societatis Iesu a. 1748;Cod.
 Cod. 12196;Litterae annuae provinciae Austriae Societatis Iesu a. 1749;Cod.
 Cod. 12197;Litterae annuae provinciae Austriae Societatis Iesu a. 1750;Cod.
 Cod. 12198;Litterae annuae provinciae Austriae Societatis Iesu a. 1751;Cod.
 Cod. 12199;Litterae annuae provinciae Austriae Societatis Iesu a. 1752;Cod.
 Cod. 12200;Litterae annuae provinciae Austriae Societatis Iesu a. 1753;Cod.
 Cod. 12201;Litterae annuae provinciae Austriae Societatis Iesu a. 1754;Cod.
 Cod. 12202;Litterae annuae provinciae Austriae Societatis Iesu a. 1755;Cod.
 Cod. 12203;Litterae annuae provinciae Austriae Societatis Iesu a. 1756;Cod.
 Cod. 12204;Litterae annuae provinciae Austriae Societatis Iesu a. 1757;Cod.
 Cod. 12205;Litterae annuae provinciae Austriae Societatis Iesu a. 1758;Cod.
 Cod. 12206;Litterae annuae provinciae Austriae Societatis Iesu a. 1759;Cod.
 Cod. 12207;Litterae annuae provinciae Austriae Societatis Iesu a. 1760;Cod.
 Cod. 12208;Litterae annuae provinciae Austriae Societatis Iesu a. 1761;Cod.
 Cod. 12209;Litterae annuae provinciae Austriae Societatis Iesu a. 1762;Cod.
 Cod. 12210;Litterae annuae provinciae Austriae Societatis Iesu a. 1763;Cod.
 Cod. 12211;Litterae annuae provinciae Austriae Societatis Iesu a. 1764;Cod.
 Cod. 12212;Litterae annuae provinciae Austriae Societatis Iesu a. 1765;Cod.
 Cod. 12213;Litterae annuae provinciae Austriae Societatis Iesu a. 1766;Cod.
 Cod. 12214;Litterae annuae provinciae Austriae Societatis Iesu a. 1767;Cod.
 Cod. 12215;Litterae annuae provinciae Austriae Societatis Iesu a. 1768;Cod.
 Cod. 12216;Litterae annuae provinciae Austriae Societatis Iesu a. 1769;Cod.
 Cod. 12217;Litterae annuae provinciae Austriae Societatis Iesu a. 1770;Cod.
 Cod. 12218;Litterae annuae provinciae Austriae Societatis Iesu a. 1633;Cod.
 Cod. 12218;Litterae annuae provinciae Austriae Societatis Iesu a. 1634;Cod.
 Cod. 12218;Litterae annuae provinciae Austriae Societatis Iesu a. 1635;Cod.
 Cod. 12218;Litterae annuae provinciae Austriae Societatis Iesu a. 1636;Cod.
 Cod. 12218;Litterae annuae provinciae Austriae Societatis Iesu a. 1637;Cod.
 Cod. 12218;Litterae annuae provinciae Austriae Societatis Iesu a. 1638;Cod.
 Cod. 12218;Litterae annuae provinciae Austriae Societatis Iesu a. 1639;Cod.
 Cod. 12218;Litterae annuae provinciae Austriae Societatis Iesu a. 1640;Cod.
 Cod. 12219;Litterae annuae provinciae Austriae Societatis Iesu a. 1641;Cod.
 Cod. 12219;Litterae annuae provinciae Austriae Societatis Iesu a. 1642;Cod.
 Cod. 12219;Litterae annuae provinciae Austriae Societatis Iesu a. 1643;Cod.
 Cod. 12219;Litterae annuae provinciae Austriae Societatis Iesu a. 1644;Cod.
 Cod. 12219;Litterae annuae provinciae Austriae Societatis Iesu a. 1645;Cod.
 Cod. 12219;Litterae annuae provinciae Austriae Societatis Iesu a. 1646;Cod.
 Cod. 12220;Litterae annuae provinciae Austriae Societatis Iesu a. 1647;Cod.
 Cod. 12220;Litterae annuae provinciae Austriae Societatis Iesu a. 1648;Cod.
 Cod. 12220;Litterae annuae provinciae Austriae Societatis Iesu a. 1649;Cod.
 Cod. 12220;Litterae annuae provinciae Austriae Societatis Iesu a. 1650;Cod.
 Cod. 12220;Litterae annuae provinciae Austriae Societatis Iesu a. 1651;Cod.
 Cod. 12220;Litterae annuae provinciae Austriae Societatis Iesu a. 1652;Cod.
 Cod. 12221;Litterae annuae provinciae Austriae Societatis Iesu a. 1654;Cod.
 Cod. 12221;Litterae annuae provinciae Austriae Societatis Iesu a. 1655;Cod.
 Cod. 12221;Litterae annuae provinciae Austriae Societatis Iesu a. 1656;Cod.
 Cod. 12221;Litterae annuae provinciae Austriae Societatis Iesu a. 1657;Cod.
 Cod. 12221;Litterae annuae provinciae Austriae Societatis Iesu a. 1658;Cod.
 Cod. 12221;Litterae annuae provinciae Austriae Societatis Iesu a. 1659;Cod.
 Cod. 12221;Litterae annuae provinciae Austriae Societatis Iesu a. 1660;Cod.
 Cod. 12221;Relatio sollemnitatis qua provincia Austriae Societatis Iesu annum suum saecualrem gratulatum ibat a. 1640;Cod.
 Cod. 12222;Litterae annuae provinciae Austriae Societatis Iesu a. 1661;Cod.
 Cod. 12222;Litterae annuae provinciae Austriae Societatis Iesu a. 1662;Cod.
 Cod. 12222;Litterae annuae provinciae Austriae Societatis Iesu a. 1663;Cod.
 Cod. 12222;Litterae annuae provinciae Austriae Societatis Iesu a. 1664;Cod.
 Cod. 12222;Litterae annuae provinciae Austriae Societatis Iesu a. 1665;Cod.
 Cod. 12222;Litterae annuae provinciae Austriae Societatis Iesu a. 1666;Cod.
 Cod. 12223;Annales provinciae Austriae Societatis Iesu anni 1653;Cod.
 Cod. 12223;Litterae annuae provinciae Austriae Societatis Iesu a. 1667;Cod.
 Cod. 12223;Litterae annuae provinciae Austriae Societatis Iesu a. 1668;Cod.
 Cod. 12223;Litterae annuae provinciae Austriae Societatis Iesu a. 1669;Cod.
 Cod. 12223;Litterae annuae provinciae Austriae Societatis Iesu a. 1670;Cod.
 Cod. 12224;Litterae annuae provinciae Austriae Societatis Iesu a. 1671;Cod.
 Cod. 12224;Litterae annuae provinciae Austriae Societatis Iesu a. 1672;Cod.
 Cod. 12224;Litterae annuae provinciae Austriae Societatis Iesu a. 1673;Cod.
 Cod. 12224;Litterae annuae provinciae Austriae Societatis Iesu a. 1674;Cod.
 Cod. 12224;Litterae annuae provinciae Austriae Societatis Iesu a. 1675;Cod.
 Cod. 12225;Litterae annuae provinciae Austriae Societatis Iesu a. 1676;Cod.
 Cod. 12225;Litterae annuae provinciae Austriae Societatis Iesu a. 1677;Cod.
 Cod. 12225;Litterae annuae provinciae Austriae Societatis Iesu a. 1678;Cod.
 Cod. 12225;Litterae annuae provinciae Austriae Societatis Iesu a. 1679;Cod.
 Cod. 12225;Litterae annuae provinciae Austriae Societatis Iesu a. 1680;Cod.
 Cod. 12226;Litterae annuae provinciae Austriae Societatis Iesu a. 1681;Cod.
 Cod. 12226;Litterae annuae provinciae Austriae Societatis Iesu a. 1682;Cod.
 Cod. 12226;Litterae annuae provinciae Austriae Societatis Iesu a. 1683;Cod.
 Cod. 12226;Litterae annuae provinciae Austriae Societatis Iesu a. 1684;Cod.
 Cod. 12227;Litterae annuae provinciae Austriae Societatis Iesu a. 1685;Cod.
 Cod. 12227;Litterae annuae provinciae Austriae Societatis Iesu a. 1686;Cod.
 Cod. 12227;Litterae annuae provinciae Austriae Societatis Iesu a. 1687;Cod.
 Cod. 12227;Litterae annuae provinciae Austriae Societatis Iesu a. 1688;Cod.
 Cod. 12227;Litterae annuae provinciae Austriae Societatis Iesu a. 1689;Cod.
 Cod. 12228;Litterae annuae provinciae Austriae Societatis Iesu a. 1690;Cod.
 Cod. 12228;Litterae annuae provinciae Austriae Societatis Iesu a. 1691;Cod.
 Cod. 12228;Litterae annuae provinciae Austriae Societatis Iesu a. 1692;Cod.
 Cod. 12228;Litterae annuae provinciae Austriae Societatis Iesu a. 1693;Cod.
 Cod. 12228;Litterae annuae provinciae Austriae Societatis Iesu a. 1694;Cod.
 Cod. 12228;Litterae annuae provinciae Austriae Societatis Iesu a. 1695;Cod.
 Cod. 12229;Litterae annuae provinciae Austriae Societatis Iesu a. 1696;Cod.
 Cod. 12229;Litterae annuae provinciae Austriae Societatis Iesu a. 1697;Cod.
 Cod. 12229;Litterae annuae provinciae Austriae Societatis Iesu a. 1698;Cod.
 Cod. 12229;Litterae annuae provinciae Austriae Societatis Iesu a. 1699;Cod.
 Cod. 12229;Litterae annuae provinciae Austriae Societatis Iesu a. 1700;Cod.
 Cod. 12230;Litterae annuae provinciae Austriae Societatis Iesu a. 1711;Cod.
 Cod. 12231;Litterae annuae provinciae Austriae Societatis Iesu a. 1714;Cod.
 Cod. 12232;Litterae annuae provinciae Austriae Societatis Iesu a. 1715;Cod.
 Cod. 12234;Litterae annuae provinciae Austriae Societatis Iesu a. 1717;Cod.
 Cod. 12235;Litterae annuae provinciae Austriae Societatis Iesu a. 1718;Cod.
 Cod. 12236;Litterae annuae provinciae Austriae Societatis Iesu a. 1720;Cod.
 Cod. 12237;Litterae annuae provinciae Austriae Societatis Iesu a. 1721;Cod.
 Cod. 12238;Litterae annuae provinciae Austriae Societatis Iesu a. 1732;Cod.
 Cod. 12239;Litterae annuae provinciae Austriae Societatis Iesu a. 1733;Cod.
 Cod. 12240;Litterae annuae provinciae Austriae Societatis Iesu a. 1734;Cod.
 Cod. 12241;Litterae annuae provinciae Austriae Societatis Iesu a. 1735;Cod.
 Cod. 12242;Litterae annuae provinciae Austriae Societatis Iesu a. 1736;Cod.
 Cod. 12243;Litterae annuae provinciae Austriae Societatis Iesu a. 1737;Cod.
 Cod. 12244;Catalogus Societatis Iesu provinciae Austriae a. 1739;Cod.
 Cod. 12245;Litterae annuae provinciae Austriae Societatis Iesu a. 1739;Cod.
 Cod. 12246;Litterae annuae provinciae Austriae Societatis Iesu a. 1635;Cod.
 Cod. 12247;Litterae annuae provinciae Austriae Societatis Iesu a. 1636;Cod.
 Cod. 12248;Litterae annuae provinciae Austriae Societatis Iesu a. 1637;Cod.
 Cod. 12249;Litterae annuae provinciae Austriae Societatis Iesu a. 1638;Cod.
 Cod. 12250;Litterae annuae provinciae Austriae Societatis Iesu a. 1639;Cod.
 Cod. 12251;Litterae annuae provinciae Austriae Societatis Iesu a. 1640;Cod.
 Cod. 12252;Litterae annuae provinciae Austriae Societatis Iesu a. 1641;Cod.
 Cod. 12253;Litterae annuae provinciae Austriae Societatis Iesu a. 1642;Cod.
 Cod. 12254;Litterae annuae provinciae Austriae Societatis Iesu a. 1651;Cod.
 Cod. 12255;Litterae annuae provinciae Austriae Societatis Iesu a. 1663;Cod.
 Cod. 12256;Litterae annuae provinciae Austriae Societatis Iesu a. 1665;Cod.
 Cod. 12257;Litterae annuae provinciae Austriae Societatis Iesu a. 1682;Cod.
 Cod. 12258;Litterae annuae provinciae Austriae Societatis Iesu a. 1683;Cod.
 Cod. 12259;Litterae annuae provinciae Austriae Societatis Iesu a. 1684;Cod.
 Cod. 12260;Litterae annuae provinciae Austriae Societatis Iesu a. 1693;Cod.
 Cod. 12261;Litterae annuae provinciae Austriae Societatis Iesu a. 1722;Cod.
 Cod. 12262;Litterae annuae provinciae Austriae Societatis Iesu a. 1723;Cod.
 Cod. 12263;Litterae annuae provinciae Austriae Societatis Iesu a. 1725;Cod.
 Cod. 12264;Litterae annuae provinciae Austriae Societatis Iesu a. 1726;Cod.
 Cod. 12265;Litterae annuae provinciae Austriae Societatis Iesu a. 1727;Cod.
 Cod. 12266;Litterae annuae provinciae Austriae Societatis Iesu a. 1734;Cod.
 Cod. 12267;Litterae annuae provinciae Austriae Societatis Iesu a. 1711;Cod.
 Cod. 12268;Litterae annuae provinciae Austriae Societatis Iesu a. 1735;Cod.
 Cod. 12269;Litterae annuae provinciae Austriae Societatis Iesu a. 1737;Cod.
 Cod. 12270;Litterae annuae provinciae Austriae Societatis Iesu a. 1731;Cod.
 Cod. 12271;Litterae annuae provinciae Austriae Societatis Iesu a. 1747;Cod.
 Cod. 12272;Litterae annuae provinciae Austriae Societatis Iesu a. 1733;Cod.
 Cod. 12273;Litterae annuae provinciae Austriae Societatis Iesu a. 1752;Cod.
 Cod. 12274;Litterae annuae provinciae Austriae Societatis Iesu a. 1752;Cod.
 Cod. 12275;Litterae annuae provinciae Austriae Societatis Iesu a. 1752;Cod.
 Cod. 12276;Litterae annuae provinciae Austriae Societatis Iesu a. 1752;Cod.
 Cod. 12277;Litterae annuae provinciae Austriae Societatis Iesu a. 1752;Cod.
 Cod. 12278;Litterae annuae provinciae Austriae Societatis Iesu a. 1760;Cod.
 Cod. 12279;Litterae annuae provinciae Austriae Societatis Iesu a. 1770;Cod.
 Cod. 12280;Litterae annuae provinciae Bohemiae Societatis Iesu a. 1666;Cod.
 Cod. 12281;Litterae annuae provinciae Bohemiae Societatis Iesu a. 1667;Cod.
 Cod. 12282;Litterae annuae provinciae Bohemiae Societatis Iesu a. 1669;Cod.
 Cod. 12283;Litterae annuae provinciae Bohemiae Societatis Iesu a. 1670;Cod.
 Cod. 12284;Litterae annuae provinciae Bohemiae Societatis Iesu a. 1675;Cod.
 Cod. 12285;Litterae annuae provinciae Bohemiae Societatis Iesu a. 1676;Cod.
 Cod. 12286;Litterae annuae provinciae Bohemiae Societatis Iesu a. 1679;Cod.
 Cod. 12287;Litterae annuae provinciae Bohemiae Societatis Iesu a. 1685;Cod.
 Cod. 12288;Litterae annuae provinciae Bohemiae Societatis Iesu a. 1702;Cod.
 Cod. 12289;Litterae annuae provinciae Bohemiae Societatis Iesu a. 1703;Cod.
 Cod. 12290;Litterae annuae provinciae Bohemiae Societatis Iesu a. 1704;Cod.
 Cod. 12291;Litterae annuae provinciae Bohemiae Societatis Iesu a. 1705;Cod.
 Cod. 12292;Litterae annuae provinciae Bohemiae Societatis Iesu a. 1706;Cod.
 Cod. 12293;Litterae annuae provinciae Bohemiae Societatis Iesu a. 1707;Cod.
 Cod. 12294;Litterae annuae provinciae Bohemiae Societatis Iesu a. 1708;Cod.
 Cod. 12295;Litterae annuae provinciae Bohemiae Societatis Iesu a. 1709;Cod.
 Cod. 12297;Litterae annuae provinciae Bohemiae Societatis Iesu a. 1711;Cod.
 Cod. 12298;Litterae annuae provinciae Bohemiae Societatis Iesu a. 1712;Cod.
 Cod. 12299;Litterae annuae provinciae Bohemiae Societatis Iesu a. 1713;Cod.
 Cod. 12300;Litterae annuae provinciae Bohemiae Societatis Iesu a. 1714;Cod.
 Cod. 12301;Litterae annuae provinciae Bohemiae Societatis Iesu a. 1715;Cod.
 Cod. 12302;Litterae annuae provinciae Bohemiae Societatis Iesu a. 1716;Cod.
 Cod. 12303;Litterae annuae provinciae Bohemiae Societatis Iesu a. 1717;Cod.
 Cod. 12304;Litterae annuae provinciae Bohemiae Societatis Iesu a. 1718;Cod.
 Cod. 12305;Litterae annuae provinciae Bohemiae Societatis Iesu a. 1719;Cod.
 Cod. 12306;Litterae annuae provinciae Bohemiae Societatis Iesu a. 1720;Cod.
 Cod. 12307;Litterae annuae provinciae Bohemiae Societatis Iesu a. 1721;Cod.
 Cod. 12308;Litterae annuae provinciae Bohemiae Societatis Iesu a. 1722;Cod.
 Cod. 12309;Litterae annuae provinciae Bohemiae Societatis Iesu a. 1723;Cod.
 Cod. 12310;Litterae annuae provinciae Bohemiae Societatis Iesu a. 1725;Cod.
 Cod. 12311;Litterae annuae provinciae Bohemiae Societatis Iesu a. 1726;Cod.
 Cod. 12312;Litterae annuae provinciae Bohemiae Societatis Iesu a. 1727;Cod.
 Cod. 12313;Litterae annuae provinciae Bohemiae Societatis Iesu a. 1728;Cod.
 Cod. 12314;Litterae annuae provinciae Bohemiae Societatis Iesu a. 1729;Cod.
 Cod. 12315;Litterae annuae provinciae Bohemiae Societatis Iesu a. 1730;Cod.
 Cod. 12316;Litterae annuae provinciae Bohemiae Societatis Iesu a. 1731;Cod.
 Cod. 12317;Litterae annuae provinciae Bohemiae Societatis Iesu a. 1732;Cod.
 Cod. 12318;Litterae annuae provinciae Bohemiae Societatis Iesu a. 1733;Cod.
 Cod. 12319;Litterae annuae provinciae Bohemiae Societatis Iesu a. 1734;Cod.
 Cod. 12320;Litterae annuae provinciae Bohemiae Societatis Iesu a. 1736;Cod.
 Cod. 12321;Litterae annuae provinciae Bohemiae Societatis Iesu a. 1737;Cod.
 Cod. 12322;Litterae annuae provinciae Bohemiae Societatis Iesu a. 1738;Cod.
 Cod. 12323;Litterae annuae provinciae Bohemiae Societatis Iesu a. 1739;Cod.
 Cod. 12324;Litterae annuae provinciae Bohemiae Societatis Iesu a. 1740;Cod.
 Cod. 12325;Litterae annuae provinciae Bohemiae Societatis Iesu a. 1741;Cod.
 Cod. 12326;Litterae annuae provinciae Bohemiae Societatis Iesu a. 1742;Cod.
 Cod. 12327;Litterae annuae provinciae Bohemiae Societatis Iesu a. 1743;Cod.
 Cod. 12328;Litterae annuae provinciae Bohemiae Societatis Iesu a. 1744;Cod.
 Cod. 12329;Litterae annuae provinciae Bohemiae Societatis Iesu a. 1745;Cod.
 Cod. 12330;Litterae annuae provinciae Bohemiae Societatis Iesu a. 1746;Cod.
 Cod. 12331;Litterae annuae provinciae Bohemiae Societatis Iesu a. 1747;Cod.
 Cod. 12332;Litterae annuae provinciae Bohemiae Societatis Iesu a. 1748;Cod.
 Cod. 12333;Litterae annuae provinciae Bohemiae Societatis Iesu a. 1749;Cod.
 Cod. 12334;Litterae annuae provinciae Bohemiae Societatis Iesu a. 1750;Cod.
 Cod. 12335;Litterae annuae provinciae Bohemiae Societatis Iesu a. 1753;Cod.
 Cod. 12336;Litterae annuae provinciae Bohemiae Societatis Iesu a. 1754;Cod.
 Cod. 12337;Litterae annuae provinciae Bohemiae Societatis Iesu a. 1755;Cod.
 Cod. 12338;Litterae annuae provinciae Bohemiae Societatis Iesu a. 1756;Cod.
 Cod. 12339;Litterae annuae provinciae Bohemiae Societatis Iesu a. 1756;Cod.
 Cod. 12340;Litterae annuae provinciae Bohemiae Societatis Iesu a. 1757;Cod.
 Cod. 12341;Litterae annuae provinciae Bohemiae Societatis Iesu a. 1758;Cod.
 Cod. 12342;Litterae annuae provinciae Bohemiae Societatis Iesu a. 1759;Cod.
 Cod. 12343;Litterae annuae provinciae Bohemiae Societatis Iesu a. 1761;Cod.
 Cod. 12344;Litterae annuae provinciae Bohemiae Societatis Iesu a. 1762;Cod.
 Cod. 12345;Litterae annuae provinciae Bohemiae Societatis Iesu a. 1763;Cod.
 Cod. 12346;Litterae annuae provinciae Bohemiae Societatis Iesu a. 1764;Cod.
 Cod. 12347;Litterae annuae provinciae Bohemiae Societatis Iesu a. 1765;Cod.
 Cod. 12348;Litterae annuae provinciae Bohemiae Societatis Iesu a. 1711;Cod.
 Cod. 12349;Litterae annuae provinciae Bohemiae Societatis Iesu a. 1741;Cod.
 Cod. 12350;Litterae annuae provinciae Bohemiae Societatis Iesu a. 1742;Cod.
 Cod. 12351;Litterae annuae provinciae Bohemiae Societatis Iesu a. 1743;Cod.
 Cod. 12352;Litterae annuae provinciae Bohemiae Societatis Iesu a. 1744;Cod.
 Cod. 12353;Litterae annuae provinciae Bohemiae Societatis Iesu a. 1745;Cod.
 Cod. 12354;Litterae annuae provinciae Bohemiae Societatis Iesu a. 1747;Cod.
 Cod. 12355;Litterae annuae provinciae Bohemiae Societatis Iesu a. 1748;Cod.
 Cod. 12356;Litterae annuae provinciae Bohemiae Societatis Iesu a. 1750;Cod.
 Cod. 12357;Litterae annuae provinciae Bohemiae Societatis Iesu a. 1755;Cod.
 Cod. 12358;Litterae annuae provinciae Bohemiae Societatis Iesu a. 1744;Cod.
 Cod. 12359;Litterae annuae provinciae Bohemiae Societatis Iesu a. 1766;Cod.
 Cod. 12360;Litterae annuae provinciae Bohemiae Societatis Iesu a. 1693;Cod.
 Cod. 12361;Litterae annuae provinciae Bohemiae Societatis Iesu a. 1693;Cod.
 Cod. 12362;Informationes ad gubernandum provinciam Poloniae Societatis Iesu a. 1700;Cod.
 Cod. 12363;Informationes ad gubernandum provinciam Poloniae Societatis Iesu a. 1726;Cod.
 Cod. 12364;Informationes ad gubernandum provinciam Poloniae Societatis Iesu a. 1730;Cod.
 Cod. 12365;Informationes ad gubernandum provinciam Poloniae Societatis Iesu a. 1734;Cod.
 Cod. 12366;Litterae annuae vice-provinciae Sinensis Societatis Iesu a. 1746;Cod.
 Cod. 12367;Litterae annuae residentiae Wartenbergensis Societatis Iesu a. 1727-1744 et 1656;Cod.
 Cod. 12368;Inventarium tabulariorum Societatis Iesu provinciae Austriae secundum singula collegia, domicilia etc.;Cod.
 Cod. 12369;Album omnium debitorum Societatis Iesu in provincia Bohemiae etc.;Cod.
 Cod. 12370;Computus de statu temporali collegii Societatis Iesu Pragae ad S. Ignatium a. 1740-1772;Cod.
 Cod. 12386;Supplementum historiae domus professae Societatis Iesu Pragae ad S. Nicolaum cum adiuncto gymnasio a. 1700-1704;Cod.
 Cod. 12387;Supplementum historiae domus professae Societatis Iesu Pragae ad S. Nicolaum cum adiuncto gymnasio a. 1700-1704;Cod.
 Cod. 12391;Liber consultationum collegii Societatis Iesu Brunensis in Moravia a. 1688-1745;Cod.
 Cod. 12391;Prima sollemnitas in monte Crucis prope Sobeschitium in Moravia a collegio Societatis Iesu Brunensi a. 1718 celebrata;Cod.
 Cod. 12404;Liber I ordinationum perpetuarum. Pars I complectens ordinationes generalium Societatis Iesu a. 1575-1632;Cod.
 Cod. 12406;Rationes generales residentiae Leopoldinae Societatis Iesu Neostadii a. 1746-1773;Cod.
 Cod. 12407;Examen candidatorum Societatis Iesu in collegio Viennensi a. 1648-1678;Cod.
 Cod. 12408;Examen candidatorum Societatis Iesu in collegio Viennensi a. 1679-1714;Cod.
 Cod. 12409;Examen candidatorum Societatis Iesu in collegio Viennensi a. 1715-1772;Cod.
 Cod. 12410;Rationes semestres R. P. procuratoris provincialis Viennae de residentia s. Leopoldi Societatis Iesu Neostadii a. 1747-1773;Cod.
 Cod. 12410;Rationes trimestres residentiae Leopoldinae Societatis Iesu Neostadii a. 1747-1773;Cod.
 Cod. 12413;De iuribus Societatis Iesu tam in rebus spiritualibus quam in aliis;Cod.
 Cod. 12414;Formulae iuramentorum etc. proponendae scholasticis, coadiutoribus etc. professis tum trium votorum simplicium tum quattuor etc. Societatis Iesu;Cod.
 Cod. 12414;Notabilia varia de indulgentiis Societatis Iesu;Cod.
 Cod. 12414;Syntagma iuris universi Societatis Iesu;Cod.
 Cod. 12416;Liber consultationum, collectionum, exhortationum, resolutionum et suffragiorum a. 1721-1773 collegii Samoriensis in provincia Poloniae Societatis Iesu;Cod.
 Cod. 12417;Historia collegii Crosnensis Societatis Iesu a. 1720-1772;Cod.
 Cod. 12419;Catalogus personarum collegii Graecensis Societatis Iesu a. 1644 Ferdinando III. imperatori oblatus;Cod.
 Cod. 12420;Magisterium inferiorum classium Societatis Iesu magistris accommodatum a. 1740;Cod.
 Cod. 12480;Vereichnis deren Archivs-Urkunden und Acten des Collegii Societatis Iesu zu Graz;Cod.
 Cod. 12848;Fatum Societatis Iesu. Carmen in scriptis posthumis repertum a. 1800;Cod.
 Cod. 13253;Disticha in praemiorum distributione recitata in gymnasio domus professae Societatis Iesu Viennae;Cod.
 Cod. 13319;Menologium germanicum Societatis Iesu;Cod.
 Cod. 13558;Acta et epistolae de collegio Societatis Iesu Telczensi;Cod.
 Cod. 13558;Epistolae patrum Societatis Iesu et consuetudines pro templo et domo Societatis Iesu Telczensi;Cod.
 Cod. 13558;Epistolae quattuor germanicae de collegio Societatis Iesu Telczensi fundando;Cod.
 Cod. 13558;Ichnographiae tres de collegio Societatis Iesu Telczensi construendo;Cod.
 Cod. 13558;Notabilia de collegio Hradistiensi Societatis Iesu;Cod.
 Cod. 13558;Notabilia de collegio Societatis Iesu Turzanensi;Cod.
 Cod. 13559;Diaria collegii Olomucensis Societatis Iesu a. 1572-1580;Cod.
 Cod. 13559;Diaria collegii Olomucensis Societatis Iesu a. 1589-1590;Cod.
 Cod. 13559;Fragmenta varia ad historiam collegii Olomucensis Societatis Iesu facientia saec. XVI;Cod.
 Cod. 13559;Historia collegii Olomucensis Societatis Iesu a. 1565-1569;Cod.
 Cod. 13559;Historia collegii Olomucensis Societatis Iesu a. 1565-1580;Cod.
 Cod. 13561;Litterae annuae Societatis Iesu provinciae Austriae a. 1615 et 1616;Cod.
 Cod. 13562;Litterae annuae Societatis Iesu provinciae Austriae a. 1617-1619;Cod.
 Cod. 13563;Litterae annuae Societatis Iesu provinciae Austriae a. 1619-1623 et 1625-1627;Cod.
 Cod. 13564;Litterae annuae Societatis Iesu provinciae Austriae a. 1628-1632;Cod.
 Cod. 13565;Litterae annuae Societatis Iesu a. 1632 in usum legentium adaptatae;Cod.
 Cod. 13565;Litterae annuae Societatis Iesu provinciae Austriae a. 1632 ad G. Forro Societatis Iesu provincialem;Cod.
 Cod. 13600;Historia de ortu et progressu collegii Sprintzensteiniani Societatis Iesu Lignicii;Cod.
 Cod. 13601;Litterae quadrimestres et alia acta ad historiam collegii Clementini Societatis Iesu Pragae a. 1565-1588 facientia;Cod.
 Cod. 13602;Augmentum historiae collegii et domus probationis Brunensis Societatis Iesu a. 1660-1665;Cod.
 Cod. 13602;Augmentum historiae collegii et domus probationis Brunensis Societatis Iesu a. 1666-1667;Cod.
 Cod. 13602;Historia domus probationis Brunensis Societatis Iesu a. 1569-1581;Cod.
 Cod. 13602;Relatio de collegio et domo probationis Brunensi Societatis Iesu a. 1708;Cod.
 Cod. 13602;Supplementum historiae collegii et domus primae probationis Societatis Iesu Brunensis a. 1714;Cod.
 Cod. 13604;Epistolae quinque variorum Societatis Iesu de ecclesia Glacensi;Cod.
 Cod. 13620;Liber quintus ordinatium continens ordinationes temporaneas ex Urbe a patribus generalibus Societatis Iesu a. 1597-1773 missas in provinciam Poloniae;Cod.
 Cod. 13739;Historia fundationis et progressus collegii Olomucensis Societatis Iesu usque ad finem saec. XVII;Cod.
 Cod. 13748;Historia collegii Iglaviensis Societatis Iesu a. 1624-1637: Fragmentum;Cod.
 Cod. 13748;Historia collegii Iglaviensis Societatis Iesu a. 1624-1640: Fragmentum;Cod.
 Cod. 13748;Historia collegii Iglaviensis Societatis Iesu a. 1647-1674: Fragmentum;Cod.
 Cod. 13748;Litterae ad rectorem collegii Iglaviensis Societatis Iesu a. 1648;Cod.
 Cod. 13749;Litterae annuae collegii Iglaviensis Societatis Iesu a. 1628-1753;Cod.
 Cod. 13750;Catalogi personarum et officiorum collegii Iglaviensis Societatis Iesu a. 1625-1759;Cod.
 Cod. 13750;Epistolae nonnullae ad rectores temporaneos collegii Iglaviensis Societatis Iesu;Cod.
 Cod. 14002;Historia collegii Soproniensis Societatis Iesu a. 1636-1773. Vol. I.;Cod.
 Cod. 14003;Historia collegii Soproniensis Societatis Iesu a. 1636-1773. Vol. II.;Cod.
 Cod. 14004;Historia collegii Soproniensis Societatis Iesu a. 1636-1773. Vol. III.;Cod.
 Cod. 14074;Elogia virorum illustrium Societatis Iesu olim provinciae Bohemiae;Cod.
 Cod. 14104;Historia collegii Societatis Iesu Neo-Pragae a. 1628-1667;Cod.
 Cod. 14214;Historia collegii Societatis Iesu Clatoviensis in Bohemia: Fragmentum;Cod.
 Cod. 14214;Historia fundationis variorum collegiorum societatis Iesu in Bohemia, Moravia et Silesia;Cod.
 Cod. 14214;Notitiae de pluribus collegiis, residentiis etc. Societatis Iesu;Cod.
 Cod. 14382;Diarium collegii Societatis Iesu Patavii a. 1670-1684;Cod.
 Cod. 14823;Responsa generalium Societatis Iesu ad propositiones etc. provinciae Austriae a. 1568-1710;Cod.
 Cod. 15027;Adversaria diversorum patrum Societatis Iesu de mausoleis etc. principum Viennae defunctorum a. 1630-1679;Cod.
 Cod. 11958*;Litterae annuae collegii Znoymensis Societatis Iesu a. 1624-1772;Cod.
 Cod. 11998*;Litterae annuae collegii Hradistiensis Societatis Iesu a. 1645-1736;Cod.
 Cod. 12009*;Status temporales domiciliorum et collegiorum provinciae minoris Poloniae Societatis Iesu a. 1745-1772;Cod.
 Cod. 12162*;Litterae annuae provinciae Austriae Societatis Iesu a. 1769;Cod.
 Cod. 12367*;Memoriale quoddam pro dominio Wartenbergensi Societatis Iesu;Cod.
 Cod. 12404*;Responsio generalium Societatis Iesu in ordinem redacta;Cod.
 Cod. 12410*;Rationes trimestres collegii Hradistiensis cum seminario Societatis Iesu a. 1763-1773;Cod.
 Cod. 12417*;Historia collegii Crosnensis Societatis Iesu a. 1721 ad M. A. Tamburinum generalem etc.;Cod.
 Cod. 12419*;Catalogus personarum collegii Graecensis Societatis Iesu a. 1640;Cod.
 Cod. 13558*;Litterae annuae domus Telczensis Societatis Iesu a. 1656-1751;Cod.
 Cod. 13559*;Compendium historiae collegii Olomucensis Societatis Iesu a. 1705-1713;Cod.
 Cod. 13559*;Epitome rerum gestarum in collegio Olomucensi Societatis Iesu a. 1566-1689;Cod.
 Cod. 13559*;Historia collegii Olomucensis Societatis Iesu a. 1717-1722;Cod.
 Cod. 13559*;Notabiliora de collegio Olomucensi Societatis Iesu a. 1616-1646;Cod.
 Cod. 13559*;Notata varia vetera de collegio Olomucensi Societatis Iesu diariorum fragmenta etc.;Cod.
 Cod. 13559*;Notitiae variae de collegio Olomucensi Societatis Iesu e diariis ab initio collegii usque ad a. 1644;Cod.
 Cod. 13602*;Elenchus diplomatum quondam existentium in collegio Societatis Iesu Brunensi in residentia Turzanensi et in seminario Brunensi;Cod.
 Cod. 13602*;Litterae annuae domus probationis Societatis Iesu a. 1622-1637;Cod.
 Cod. 13602*;Litterae annuae provinciae Sinensis Societatis Iesu a. 1751;Cod.
 Cod. 7981*;Consuetudines provinciae Austriae Societatis Iesu a. 1699, 14. Novembris;Cod.
